"","temp","humidity","windspeed","cloudcover","sealevelpressure","precip","solarradiation","uvindex"
"1",12.2838709677419,45.5645161290323,16.8741935483871,33.0483870967742,1017.47741935484,0.659290322580645,NA,NA
"2",13.1785714285714,44.1035714285714,18.2107142857143,42.85,1017.21428571429,0.61175,NA,NA
"3",19.1193548387097,32.9161290322581,18.6967741935484,54.4129032258065,1013.11935483871,0.253709677419355,NA,NA
"4",24.4466666666667,31.5533333333333,20.9466666666667,43.21,1009.91666666667,0.143166666666667,NA,NA
"5",27.5903225806452,21.1064516129032,21.2290322580645,30.7838709677419,1008.13870967742,0.130290322580645,NA,NA
"6",34.59,18.8866666666667,23.1,21.76,1007.11,0.0553666666666667,NA,NA
"7",34.4,38.7838709677419,23.358064516129,43.6322580645161,1008.94193548387,0.821064516129032,NA,NA
"8",32.541935483871,37.9322580645161,19.0903225806452,33.6967741935484,1010.68387096774,2.23016129032258,NA,NA
"9",30.6233333333333,44.1,17.4433333333333,34.71,1010.02333333333,1.09726666666667,NA,NA
"10",25.5193548387097,28.7032258064516,14.758064516129,14.458064516129,1012.76451612903,0.0974516129032258,NA,NA
"11",18.3533333333333,38.1233333333333,15.3266666666667,22.2466666666667,1015.31333333333,0.143,NA,NA
"12",11.3258064516129,45.5225806451613,16.6387096774194,36.3774193548387,1017.8064516129,0.384225806451613,NA,NA
"13",12.5903225806452,50.3387096774194,13.9258064516129,42.4290322580645,1017.96129032258,0.537451612903226,NA,NA
"14",18.4428571428571,31.2892857142857,17.4678571428571,47.2535714285714,1015.56071428571,1.12792857142857,NA,NA
"15",15.5903225806452,42.7548387096774,21.4806451612903,47.9322580645161,1013.44838709677,1.66774193548387,NA,NA
"16",22.5266666666667,22.0833333333333,21.3633333333333,20.2533333333333,1010.70666666667,0,NA,NA
"17",27.0290322580645,17.5903225806452,22.7451612903226,14.7967741935484,1008.01935483871,0,NA,NA
"18",31.3233333333333,18.0433333333333,18.3833333333333,33.0466666666667,1007.88333333333,0,NA,NA
"19",35.1838709677419,25.1709677419355,22.4806451612903,34.6161290322581,1009.16129032258,0.119354838709677,NA,NA
"20",34.7096774193548,30.0548387096774,21.6354838709677,48.1,1010.4,0.103225806451613,NA,NA
"21",31.1866666666667,34.36,19.6633333333333,37.9666666666667,1010.43666666667,0.69,NA,NA
"22",26.5258064516129,30.1516129032258,17.3354838709677,23.8967741935484,1010.76129032258,0.951612903225806,NA,NA
"23",17.15,39.49,17.8066666666667,29.1733333333333,1015.49333333333,1.06666666666667,NA,NA
"24",13.7032258064516,59.1032258064516,16.9774193548387,52.4,1017.19677419355,1.35483870967742,NA,NA
"25",13.0516129032258,49.0709677419355,18.941935483871,35.0935483870968,1017.02580645161,1.33835483870968,NA,NA
"26",16.3310344827586,51.8689655172414,17.8344827586207,49.4413793103448,1015.44137931034,0.864793103448276,NA,NA
"27",17.558064516129,53.4,18.9774193548387,49.9935483870968,1013.05161290323,1.98409677419355,NA,NA
"28",25.0633333333333,31.7866666666667,17.7266666666667,36.0166666666667,1010.59,0.4139,NA,NA
"29",28.0387096774194,34.6838709677419,25.2096774193548,51.3612903225806,1009.12903225806,0.979548387096774,NA,NA
"30",32.3833333333333,21.0433333333333,20.2766666666667,25.1166666666667,1006.30333333333,0.037,NA,NA
"31",33.8870967741936,34.5387096774194,19.5129032258065,38.1709677419355,1008.89032258065,2.30432258064516,NA,NA
"32",33.4129032258065,40.4806451612903,20.1774193548387,46.0193548387097,1010.76129032258,1.03287096774194,NA,NA
"33",32.15,31.4538461538462,17.6961538461538,26.5423076923077,1008.82692307692,0.0735384615384615,NA,NA
"34",26.0387096774194,29.2967741935484,16.1967741935484,28.5709677419355,1011.31612903226,0.197838709677419,NA,NA
"35",15.8933333333333,28.5966666666667,17.3966666666667,27.89,1015.65666666667,0.0252,NA,NA
"36",11.6677419354839,60.8741935483871,14.3,52.9354838709677,1016.75161290323,2.97264516129032,NA,NA
"37",14.158064516129,65.1129032258064,18.2354838709677,66.6354838709677,1015.79032258065,5.66216129032258,NA,NA
"38",14.1857142857143,58.6428571428571,18.0428571428571,63.2607142857143,1015.5,1.61192857142857,NA,NA
"39",18.4967741935484,50.7387096774194,19.7677419354839,37.1774193548387,1015.27741935484,2.3011935483871,NA,NA
"40",23.47,25.8233333333333,16.57,30.6166666666667,1009.80333333333,0,NA,NA
"41",29.0322580645161,24.0935483870968,19.1806451612903,22.0774193548387,1008.07741935484,0.335290322580645,NA,NA
"42",32.3366666666667,18.16,14.7633333333333,16.62,1005.74666666667,0.00943333333333333,NA,NA
"43",33.9548387096774,26.4645161290323,16.6032258064516,21.8451612903226,1008.12903225806,0,NA,NA
"44",32.8935483870968,38.6483870967742,20.4677419354839,41.3032258064516,1009.11290322581,1.41370967741935,NA,NA
"45",30.87,28.4866666666667,15.0466666666667,6.96,1009.59666666667,0.661433333333333,NA,NA
"46",24.3032258064516,36.8032258064516,17.3709677419355,33.5612903225806,1012.51612903226,1.141,NA,NA
"47",15.66,43.9433333333333,16.2066666666667,36.4266666666667,1016.24333333333,2.51086666666667,NA,NA
"48",12.6516129032258,42.5612903225806,17.4387096774194,30.7129032258064,1018.34193548387,0.0236129032258065,NA,NA
"49",12.8645161290323,38.1612903225806,15.9806451612903,31.5741935483871,1018.6,0.101451612903226,NA,NA
"50",13.975,38.8071428571429,19.5892857142857,49.5928571428571,1016.25,0.501892857142857,NA,NA
"51",18.2129032258065,45.9354838709677,17.3096774193548,44.8709677419355,1013.79032258065,1.12677419354839,NA,NA
"52",22.54,27.0266666666667,22.21,39.4,1010.79666666667,0.0753666666666667,NA,NA
"53",26.1258064516129,26.4129032258065,19.8774193548387,34.8290322580645,1009.06774193548,0.319548387096774,NA,NA
"54",33.9166666666667,20.08,20.9733333333333,26.71,1007.4,0.00973333333333333,NA,NA
"55",34.7322580645161,28.2548387096774,21.6451612903226,38.558064516129,1008.35161290323,1.25674193548387,NA,NA
"56",35.258064516129,33.841935483871,22.4806451612903,42.058064516129,1008.53870967742,0.0495483870967742,NA,NA
"57",30.4966666666667,37.7266666666667,19.61,38,1009.74666666667,1.84076666666667,NA,NA
"58",22.7161290322581,39.0290322580645,17.7096774193548,26.9741935483871,1010.0064516129,0.44858064516129,NA,NA
"59",14.3933333333333,46.4566666666667,17.77,36.96,1015.39333333333,0.5642,NA,NA
"60",12.5387096774194,60.5677419354839,14.5774193548387,43.5774193548387,1016.87419354839,2.48787096774194,NA,NA
"61",12.1709677419355,63.7,16.0677419354839,57.6096774193548,1017.32580645161,1.17841935483871,NA,NA
"62",17.1178571428571,54.0357142857143,17.2892857142857,38.8392857142857,1015.78214285714,0.390357142857143,NA,NA
"63",18.141935483871,43.2032258064516,18.941935483871,42.5935483870968,1013.1935483871,0.888870967741936,NA,NA
"64",20.5333333333333,32.3666666666667,21.1566666666667,40.9733333333333,1009.84,0.257133333333333,NA,NA
"65",25.1225806451613,25.9741935483871,22.3806451612903,39.3806451612903,1008.07419354839,0.0801935483870968,NA,NA
"66",30.7,18.81,20.9866666666667,17.9533333333333,1006.91,0.00366666666666667,NA,NA
"67",35.1193548387097,23.2935483870968,23.3387096774194,27.9225806451613,1007.93870967742,0.00587096774193548,NA,NA
"68",34.941935483871,37.7096774193548,21.3774193548387,36.8,1006.04193548387,1.97183870967742,NA,NA
"69",31.7866666666667,35.08,19.8633333333333,26.3333333333333,1008.44,0.8987,NA,NA
"70",24.3806451612903,25.4193548387097,15.0612903225806,14.2709677419355,1010.7,0.00709677419354839,NA,NA
"71",18.6133333333333,51.9166666666667,12.2,26.2466666666667,1015.83666666667,1.19473333333333,NA,NA
"72",13.4193548387097,43.7838709677419,14.5516129032258,39.3967741935484,1016.81935483871,0.017741935483871,NA,NA
"73",13.1096774193548,32.5741935483871,15.5967741935484,36.458064516129,1016.58709677419,0.151870967741935,NA,NA
"74",16.7137931034483,45.0413793103448,17.0413793103448,51.5655172413793,1014.86206896552,0.960896551724138,NA,NA
"75",18.5354838709677,31.3709677419355,19.4032258064516,39.5225806451613,1012.9935483871,0.466548387096774,NA,NA
"76",23.7566666666667,20.2,22.3,30.3633333333333,1010.99333333333,0.00733333333333333,NA,NA
"77",28.9903225806452,17.7612903225806,22.7709677419355,20.4870967741935,1007.66451612903,0.0213225806451613,NA,NA
"78",33.8266666666667,17.8066666666667,21.3433333333333,24.4066666666667,1007.25,0.022,NA,NA
"79",35.2838709677419,35.558064516129,24.441935483871,41.5870967741935,1008.34838709677,0.321645161290323,NA,NA
"80",34.5096774193548,35.141935483871,23.6225806451613,31.1709677419355,1008.8064516129,0.287225806451613,NA,NA
"81",28.9233333333333,42.13,20.41,36.5666666666667,1008.46333333333,0.5045,NA,NA
"82",23.6741935483871,30.1258064516129,19.0258064516129,24.5516129032258,1010.65483870968,0.280548387096774,NA,NA
"83",17.81,34.8,16.3133333333333,39.82,1014.41,0.171533333333333,NA,NA
"84",13.1967741935484,37.7258064516129,13.6709677419355,47.5548387096774,1017.96774193548,0.0161290322580645,NA,NA
"85",13.1483870967742,50.6677419354839,17.541935483871,57.8290322580645,1017.16451612903,0.732806451612903,NA,NA
"86",14.8875,33.275,17.2083333333333,39.5875,1015.5,0.0117916666666667,NA,NA
"87",21.6034482758621,28.7172413793103,18.5241379310345,35.5103448275862,1013.46551724138,0.00975862068965518,NA,NA
"88",21.8533333333333,30.0166666666667,24.31,52.7933333333333,1009.41,0.225,NA,NA
"89",30.5,22.3451612903226,23.3645161290323,52.7032258064516,1008.17741935484,0.00109677419354839,NA,NA
"90",31.45,20.29,20.88,21.7766666666667,1005.99666666667,0,NA,NA
"91",34.6709677419355,23.4451612903226,21.9032258064516,43.6870967741935,1008.24193548387,0.135161290322581,NA,NA
"92",33.7096774193548,40.0064516129032,24.2161290322581,66.2193548387097,1009.86129032258,1.06896774193548,NA,NA
"93",32.1566666666667,42.2066666666667,19.63,49.7,1007.87333333333,0.386066666666667,NA,NA
"94",23.7225806451613,30.8,19.7096774193548,19.6161290322581,1011.3935483871,0.0381290322580645,NA,NA
"95",17.5866666666667,41.7433333333333,14.78,49.84,1013.33666666667,0.0544333333333333,NA,NA
"96",11.3258064516129,55.3193548387097,15.8258064516129,51.358064516129,1016.84516129032,0.745483870967742,NA,NA
"97",13.1870967741935,54.8903225806452,14.6290322580645,54.9709677419355,1015.39032258065,0.291548387096774,NA,NA
"98",12.1,65.6142857142857,19.4428571428571,64.1071428571429,1013.46071428571,2.45814285714286,NA,NA
"99",16.5612903225806,48.6193548387097,20.1548387096774,54.3,1012.0064516129,1.00712903225806,NA,NA
"100",19.51,37.49,23.1833333333333,27.6133333333333,1012.34333333333,0.351966666666667,NA,NA
"101",25.1806451612903,27.9290322580645,20.2032258064516,36.7645161290323,1010.16129032258,0.0346129032258065,NA,NA
"102",30.22,20.7166666666667,23.3,12.9233333333333,1008.18,0,NA,NA
"103",34.9451612903226,35.0096774193548,23.3806451612903,45.2935483870968,1008.55806451613,1.36083870967742,NA,NA
"104",34.8548387096774,36.1516129032258,23.5612903225806,52.8354838709677,1009.53225806452,0.860064516129032,NA,NA
"105",30.99,36.1733333333333,21.0066666666667,39.9966666666667,1006.17333333333,0.368933333333333,NA,NA
"106",23.2483870967742,35.4225806451613,17.2645161290323,34.4064516129032,1010.64838709677,0.832903225806452,NA,NA
"107",16.6766666666667,45.2366666666667,15.0833333333333,32.1533333333333,1014.75666666667,0.1725,NA,NA
"108",12.2322580645161,51.0064516129032,16.2096774193548,34.1451612903226,1018.46129032258,0.558612903225807,NA,NA
"109",13.4,36.6064516129032,15.6064516129032,39.8225806451613,1017.4064516129,0.00912903225806451,NA,NA
"110",15.6,34.6321428571429,16.7321428571429,41.1357142857143,1017.33571428571,0.167535714285714,NA,NA
"111",18.4516129032258,33.4645161290323,19.5677419354839,33.7193548387097,1012.04516129032,0.0974516129032258,NA,NA
"112",19.0566666666667,36.04,25.07,37.64,1011.5,0.9564,NA,NA
"113",27.0612903225806,20.9806451612903,22.9258064516129,26.7903225806452,1008.69677419355,0,NA,NA
"114",32.1666666666667,23.7366666666667,22.4866666666667,25.8433333333333,1007.41666666667,0.0055,NA,NA
"115",32.7806451612903,45.8548387096774,24.641935483871,65.0193548387097,1009.55483870968,2.22877419354839,NA,NA
"116",33.7225806451613,36.5838709677419,24.5483870967742,58.5483870967742,1008.86451612903,0.742741935483871,NA,NA
"117",30.7366666666667,39.14,20.1666666666667,37.4,1008.08333333333,1.07376666666667,NA,NA
"118",26.0741935483871,23.9322580645161,17.8516129032258,13.4548387096774,1012.74516129032,0,NA,NA
"119",19.7,30.0592592592593,13.5481481481481,21.2851851851852,1015.92962962963,0,NA,NA
"120",14.2129032258065,34.358064516129,14.9870967741935,53.0161290322581,1019.33225806452,0.00967741935483871,NA,NA
"121",16.0965517241379,35.5310344827586,17.1310344827586,58.5310344827586,1018.40344827586,0,NA,NA
"122",17.3903225806452,42.1870967741935,18.8516129032258,51.3161290322581,1013.92580645161,2.40645161290323,NA,NA
"123",24.4533333333333,24.2066666666667,21.14,22.7,1013.10333333333,0,NA,NA
"124",29.958064516129,19.3290322580645,21.6129032258065,22.5161290322581,1009.67419354839,0,NA,NA
"125",33.13,26.84,24.51,36.42,1009.91,0.133333333333333,NA,NA
"126",35.6193548387097,23.0290322580645,21.0451612903226,54.7258064516129,1010.87419354839,0.196774193548387,NA,NA
"127",33.7,37.7,23.9967741935484,65.7032258064516,1011.61935483871,0.47741935483871,NA,NA
"128",32.5266666666667,27.18,17.93,31.2433333333333,1009.90333333333,0.01,NA,NA
"129",22.5032258064516,51.1387096774193,17.5516129032258,49.6290322580645,1013.01935483871,2.43548387096774,NA,NA
"130",13.5366666666667,48.44,16.6633333333333,35.7066666666667,1016.48666666667,0.426666666666667,NA,NA
"131",13.6903225806452,42.1064516129032,17.7677419354839,38.4,1019.16129032258,0,NA,NA
"132",11.9870967741935,56.558064516129,19.7290322580645,51.1935483870968,1018.83870967742,1.45806451612903,NA,NA
"133",13.5678571428571,51.1178571428571,20.35,51.4321428571429,1016.62142857143,0.778571428571429,NA,NA
"134",18.7290322580645,44.841935483871,21.1774193548387,44.9064516129032,1013.58387096774,0.629032258064516,NA,NA
"135",22.2633333333333,35.14,25.5266666666667,43.8333333333333,1013.06,0.91,NA,NA
"136",30.941935483871,19.741935483871,24.4290322580645,31.8483870967742,1010.20322580645,0.0193548387096774,NA,NA
"137",33.81,18.67,26.2233333333333,25.4166666666667,1010.09,0.01,NA,NA
"138",34.7064516129032,31.6967741935484,25.8967741935484,68.5064516129032,1010.89032258065,0.441935483870968,NA,NA
"139",34.5838709677419,35.5967741935484,24.7741935483871,54.1451612903226,1011.57419354839,0.374193548387097,NA,NA
"140",33.43,25.4433333333333,22.1433333333333,25.5533333333333,1009.96333333333,0,NA,NA
"141",26.0548387096774,31.6967741935484,18.6548387096774,57.3354838709677,1013.77096774194,0.0193548387096774,NA,NA
"142",20.0333333333333,37.68,19.3633333333333,52.4066666666667,1015.53,0.173333333333333,NA,NA
"143",11.7741935483871,50.9516129032258,16.9516129032258,47.7806451612903,1018.31612903226,0.72258064516129,NA,NA
"144",13.0548387096774,37.7903225806452,19.2677419354839,53.5870967741935,1018.52903225806,0.0419354838709677,NA,NA
"145",16.425,25.3285714285714,19.4285714285714,44.775,1019.41428571429,0,NA,NA
"146",18.5161290322581,22.6548387096774,24.7129032258065,39.258064516129,1015.04516129032,0.067741935483871,NA,NA
"147",25.05,22.39,24.2133333333333,51.5633333333333,1012.38,0.0533333333333334,NA,NA
"148",28.1870967741935,14.7451612903226,24.2193548387097,29.9483870967742,1010.25483870968,0,NA,NA
"149",34.69,12.2733333333333,25.2466666666667,19.3933333333333,1008.17,0,NA,NA
"150",35.7258064516129,25.841935483871,27.2483870967742,68.0677419354839,1010.89677419355,0.961290322580645,NA,NA
"151",35.1354838709677,24.7903225806452,24.0516129032258,55.7451612903226,1010.73870967742,0,NA,NA
"152",32.03,29.8566666666667,23.09,37.4633333333333,1009.47666666667,0.423333333333333,NA,NA
"153",23.7870967741936,34.1612903225806,17.9709677419355,46.2193548387097,1011.65161290323,0.303225806451613,NA,NA
"154",19.2566666666667,29.02,20.47,42.9866666666667,1017.27666666667,0.356666666666667,NA,NA
"155",12.5096774193548,53.2967741935484,17.6677419354839,47.4741935483871,1018.56451612903,0.141935483870968,NA,NA
"156",16.4225806451613,43.9677419354839,16.2774193548387,48.7483870967742,1019.69032258065,0.467741935483871,NA,NA
"157",14.8678571428571,49.3178571428571,21.2178571428571,67.7357142857143,1014.27857142857,2.88571428571429,NA,NA
"158",18.2032258064516,40.1741935483871,21.1258064516129,41.7483870967742,1013.78064516129,0.42258064516129,NA,NA
"159",21.69,22.8233333333333,25.96,30.7366666666667,1012.58,0.146666666666667,NA,NA
"160",28.9548387096774,17.0645161290323,23.7387096774194,46.6709677419355,1010.61612903226,0,NA,NA
"161",33.7066666666667,13.2433333333333,26.4466666666667,14.33,1007.76666666667,0,NA,NA
"162",36.6967741935484,25.4806451612903,26.8032258064516,55.2129032258064,1010.72580645161,0.5,NA,NA
"163",34.9354838709677,34.7387096774194,25.4548387096774,65.2451612903226,1011.94193548387,0.348387096774193,NA,NA
"164",32.6066666666667,29.47,22.2233333333333,33.35,1010.39,0.213333333333333,NA,NA
"165",28.058064516129,27.4064516129032,18.0806451612903,35.5451612903226,1012.13548387097,0.174193548387097,NA,NA
"166",16.4666666666667,39.9433333333333,19.28,50.2,1016.89,0.56,NA,NA
"167",13.6290322580645,34.8483870967742,19.6225806451613,52.8258064516129,1018.66129032258,0.154838709677419,NA,NA
"168",13.8451612903226,45.6967741935484,17.9322580645161,54.5225806451613,1017.67419354839,0.680645161290323,NA,NA
"169",13.051724137931,39.0137931034483,18.8,55.2103448275862,1016.9724137931,0.903448275862069,NA,NA
"170",22.3709677419355,35.5451612903226,20.241935483871,47.8193548387097,1014.28064516129,1.06129032258064,NA,NA
"171",22.76,29.2166666666667,26.5,36.4266666666667,1012.33333333333,0.773333333333333,NA,NA
"172",29.1161290322581,15.1032258064516,23.4741935483871,27.0806451612903,1010.75483870968,0,NA,NA
"173",33.27,12.7066666666667,23.83,18.14,1009.75333333333,0,NA,NA
"174",34.8290322580645,24.5129032258065,24.3612903225806,52.6193548387097,1010.87419354839,0.487096774193548,NA,NA
"175",33.5354838709677,28.5322580645161,25.0483870967742,49.4096774193548,1011.8064516129,0.3,NA,NA
"176",30.9366666666667,26.4566666666667,21.23,30.7033333333333,1010.35333333333,0.13,NA,NA
"177",23.6451612903226,36.8193548387097,19.8387096774194,37.1193548387097,1012.2064516129,0.641935483870968,NA,NA
"178",15.7966666666667,50.7433333333333,19.4033333333333,47.1366666666667,1017.24666666667,0.456666666666667,NA,NA
"179",12.8967741935484,50.3903225806452,16.8258064516129,39.2290322580645,1019.01935483871,1.23225806451613,NA,NA
"180",12.9548387096774,65.0709677419355,12.5193548387097,32.6032258064516,1018.40967741935,0,NA,NA
"181",14.3678571428571,64.0785714285714,15.7392857142857,43.3571428571429,1016.58928571429,NA,NA,NA
"182",16.4806451612903,45.0451612903226,17.7516129032258,23.2387096774194,1015.06129032258,NA,NA,NA
"183",21.8166666666667,24.6,20.6133333333333,20.7233333333333,1013.04,0.235076923076923,NA,NA
"184",28.3225806451613,20.9548387096774,20.4516129032258,40.5161290322581,1009.88709677419,0,NA,NA
"185",32.6266666666667,17.6833333333333,23.6233333333333,23.63,1007.62333333333,0,NA,NA
"186",36.0774193548387,23.6612903225806,25.9451612903226,41.9967741935484,1009.93548387097,0.135645161290323,NA,NA
"187",33.0483870967742,39.2548387096774,22.1129032258065,51.041935483871,1011.01612903226,0.977709677419355,NA,NA
"188",31.72,24.3966666666667,19.59,34.9,1011.2,0.1306,NA,NA
"189",25.2935483870968,33.4258064516129,19.0290322580645,31.1193548387097,1012.35161290323,0.149548387096774,NA,NA
"190",18.5866666666667,28.02,16.09,36.26,1016.75333333333,0,NA,NA
"191",13.2096774193548,32.1,13.2354838709677,50.9096774193548,1018.58064516129,0,NA,NA
"192",13.8645161290323,26.5870967741935,17.8,35.6387096774194,1018.71935483871,0,NA,NA
"193",16.25,22.775,17.9392857142857,46.1107142857143,1016.91428571429,0,NA,NA
"194",16.5612903225806,36.7258064516129,21.3290322580645,59.6548387096774,1014.21290322581,1.31441935483871,NA,NA
"195",22.5133333333333,23.67,22.0366666666667,33.7666666666667,1012.89,0.00136666666666667,NA,NA
"196",29.4967741935484,15.7645161290323,22.7516129032258,30.4161290322581,1010.2,0.00880645161290323,NA,NA
"197",34.8133333333333,16.68,26.08,37.6166666666667,1009.96333333333,0.00963333333333334,NA,NA
"198",35.6193548387097,31.9193548387097,25.4032258064516,62.3774193548387,1010.71612903226,1.09951612903226,NA,NA
"199",33.3225806451613,36.2806451612903,22.6548387096774,53.4935483870968,1011.02258064516,1.05248387096774,NA,NA
"200",29.5766666666667,32.1966666666667,20.76,39.6333333333333,1011.36333333333,0.810133333333334,NA,NA
"201",23.9516129032258,31.1967741935484,18.7354838709677,38.2806451612903,1012.45161290323,0.199225806451613,NA,NA
"202",19.0133333333333,27.65,14.94,36.6066666666667,1015.60333333333,0.2027,NA,NA
"203",11.7129032258065,41.541935483871,15.958064516129,39.1387096774194,1019.91935483871,0.270483870967742,NA,NA
"204",11.0451612903226,44.1129032258064,18.6838709677419,40.7870967741936,1018.40322580645,0.435096774193548,NA,NA
"205",15.0428571428571,41.0285714285714,19.2535714285714,47.6678571428571,1017.08928571429,0.366714285714286,NA,NA
"206",20.2354838709677,25.841935483871,19.7129032258064,38.5322580645161,1015.39032258065,0.674,NA,NA
"207",23.0033333333333,26.2233333333333,23.62,41.35,1011.48333333333,0.0731333333333333,NA,NA
"208",29.2322580645161,16.5741935483871,23.0290322580645,30.1290322580645,1009.91935483871,0.00129032258064516,NA,NA
"209",33.8433333333333,13.1766666666667,22.4366666666667,29.4033333333333,1009.41333333333,0.0272333333333333,NA,NA
"210",35.1677419354839,31.3645161290323,26.7903225806452,58.7645161290323,1010.18387096774,0.347096774193548,NA,NA
"211",35.2903225806452,33.7258064516129,21.7483870967742,49.4612903225806,1009.81935483871,0.260903225806452,NA,NA
"212",31.8966666666667,27.3233333333333,20.9866666666667,41.1733333333333,1010.6,0.0724666666666667,NA,NA
"213",25.1709677419355,23.2161290322581,18.3645161290323,30.4838709677419,1013.24516129032,0.0429354838709678,NA,NA
"214",20.5566666666667,29.09,14.32,45.9733333333333,1015,0.962466666666666,NA,NA
"215",11.1064516129032,51.8129032258065,16.4,37.358064516129,1018.76774193548,1.08651612903226,NA,NA
"216",12.241935483871,46.4548387096774,18.0225806451613,48.4,1018.32903225806,1.35051612903226,NA,NA
"217",13.9103448275862,51.951724137931,15.9,47.5068965517241,1016.42413793103,0.347586206896552,NA,NA
"218",19.0129032258065,25.341935483871,20.5838709677419,28.3709677419355,1014.80322580645,0.00238709677419355,NA,NA
"219",23.4666666666667,14.7133333333333,23.79,20.24,1012.14666666667,0.1695,NA,NA
"220",25.9258064516129,22.2064516129032,23.6612903225806,31.8258064516129,1009.31290322581,0.663483870967742,NA,NA
"221",34.1633333333333,15.2133333333333,23.59,21.45,1008.68,0,NA,NA
"222",34.7387096774194,33.2032258064516,24.6935483870968,52.7838709677419,1009.71290322581,1.61377419354839,NA,NA
"223",33.841935483871,37.2225806451613,24.4096774193548,51.1451612903226,1009.12258064516,2.59035483870968,NA,NA
"224",31.8733333333333,29.15,20.3333333333333,28.3333333333333,1010.49666666667,0.00836666666666667,NA,NA
"225",25.3322580645161,22.1258064516129,18.5451612903226,15.558064516129,1014.4,0,NA,NA
"226",18.93,34.0333333333333,16.29,36.19,1016.45666666667,0.4264,NA,NA
"227",12.5838709677419,53.7451612903226,16.6193548387097,50.8967741935484,1017.16774193548,0.870838709677419,NA,NA
"228",14.5354838709677,43.5741935483871,15.5322580645161,31.0967741935484,1019.38387096774,0.156193548387097,NA,NA
"229",15.4571428571429,40.9821428571429,17.7857142857143,40.125,1017.18928571429,1.08753571428571,NA,NA
"230",19.4838709677419,23.8354838709677,20.6354838709677,34.2677419354839,1013.5064516129,0.00196774193548387,NA,NA
"231",22.0833333333333,22.14,23.3433333333333,32.7666666666667,1012.32666666667,1.00203333333333,NA,NA
"232",30.3096774193548,20.6903225806452,22.1967741935484,36.4645161290323,1009.68387096774,0.19358064516129,NA,NA
"233",31.4433333333333,19.0333333333333,22.6833333333333,48.6566666666667,1008.60666666667,0.0136333333333333,NA,NA
"234",36.5774193548387,25.2387096774194,25.6032258064516,46.3096774193548,1010.3935483871,0.314483870967742,NA,NA
"235",35.0354838709677,22.3774193548387,20.8709677419355,34.9741935483871,1010.70322580645,0.305258064516129,NA,NA
"236",32.0133333333333,25.2366666666667,22.6933333333333,32.71,1011.03666666667,0.1499,NA,NA
"237",23.2193548387097,24.5516129032258,18.9387096774194,34.0451612903226,1010.73225806452,0.00525806451612903,NA,NA
"238",19.1666666666667,28,15.6333333333333,33.1933333333333,1014.53333333333,0.0122333333333333,NA,NA
"239",11.5967741935484,43.8129032258065,17.7032258064516,46.5064516129032,1016.20322580645,0.403451612903226,0.6,0
"240",14.6107142857143,51.2178571428571,18.3357142857143,54.1107142857143,1012.89285714286,1.22792857142857,173.546428571429,6.64285714285714
"241",16.9612903225806,42.1064516129032,21.0483870967742,37.1903225806452,1013.67096774194,0.918387096774194,254.025806451613,8.48387096774194
"242",21.4166666666667,25.2,23.48,39.4233333333333,1009.77666666667,0.0124,305.72,9.56666666666667
"243",26.0064516129032,16.9258064516129,23.9354838709677,21.3,1008.47419354839,0,353.393548387097,9.96774193548387
"244",33.1266666666667,15.2166666666667,23.42,23.2866666666667,1006.99333333333,0,366.073333333333,9.96666666666667
"245",35.4612903225806,30.2806451612903,25.6096774193548,56.0548387096774,1006.56129032258,0.782612903225806,289.877419354839,8.90322580645161
"246",34.3870967741936,33.3387096774194,21.6193548387097,50.2161290322581,1007.16451612903,0.185290322580645,279.212903225806,8.74193548387097
"247",32.9433333333333,22.98,17.89,27.0166666666667,1006.87333333333,0.0427333333333333,267.043333333333,8.73333333333333
"248",24.9225806451613,38.1709677419355,19.8483870967742,41.1709677419355,1012.73870967742,0.329387096774193,210.593548387097,7.25806451612903
"249",16.85,29.0866666666667,17.71,26.35,1015.77666666667,0.0098,177.466666666667,6.76666666666667
"250",14.7870967741935,44.7806451612903,16.0935483870968,55.4225806451613,1015.08709677419,0.537935483870968,129.748387096774,5.38709677419355
"251",12.7193548387097,37.8096774193548,14.9612903225806,36.2903225806452,1017.04193548387,0.0372258064516129,159.809677419355,6.19354838709677
"252",12.6285714285714,32.1892857142857,21.1678571428571,37.0464285714286,1016.65,0.622928571428571,201.75,7.39285714285714
"253",19.8290322580645,26.9935483870968,20.1161290322581,40.1322580645161,1013.30322580645,2.80203225806452,253.293548387097,8.67741935483871
"254",23.45,22.2433333333333,26.18,34.5233333333333,1009.54666666667,0.244066666666667,309.84,9.76666666666667
"255",26.1677419354839,15.858064516129,25.5258064516129,20.7129032258064,1008.3,0.0123225806451613,349.248387096774,9.90322580645161
"256",33.0866666666667,11.9133333333333,22.8033333333333,13.31,1005.70666666667,0,359.24,9.86666666666667
"257",35,27.8612903225806,25.6354838709677,50.1516129032258,1006.52580645161,1.14164516129032,312.883870967742,9.38709677419355
"258",36.5225806451613,26.8806451612903,22.6451612903226,52.1387096774194,1006.64838709677,0.195677419354839,297.067741935484,9.32258064516129
"259",32.5433333333333,24.7933333333333,21.5866666666667,40.1466666666667,1008.91666666667,0.0211333333333333,267.196666666667,8.83333333333333
"260",25.7387096774194,25.3032258064516,17.2741935483871,25.7967741935484,1010.7935483871,0.0965161290322581,220.551612903226,7.67741935483871
"261",16.9233333333333,43.6333333333333,16.8066666666667,42.2933333333333,1015.43333333333,0.708333333333333,159.506666666667,6.13333333333333
"262",11.2129032258065,52.8870967741936,16.1741935483871,43.4096774193548,1018.10322580645,0.894129032258065,136.364516129032,5.48387096774194
"263",14.4709677419355,33.1612903225806,16.6225806451613,38.9354838709677,1018.22903225806,0.00309677419354839,153.087096774194,6.06451612903226
"264",15.4241379310345,32.3586206896552,17.2,41.1965517241379,1014.46206896552,0,203.906896551724,7.37931034482759
"265",18.6064516129032,25.2129032258065,20,27.7935483870968,1013.27096774194,0.231258064516129,256.883870967742,8.64516129032258
"266",24.1233333333333,19.1433333333333,21.5566666666667,36.96,1010.46,0.0726,295.983333333333,9.43333333333333
"267",29.4,14.5548387096774,23.6451612903226,20.8161290322581,1007.01290322581,0.0248387096774194,356.303225806452,9.96774193548387
"268",34.62,14.25,25.3866666666667,16.0633333333333,1005.27,0,359.343333333333,10
"269",33.9870967741935,33.3516129032258,27.2096774193548,62.6774193548387,1008.68387096774,0.760548387096774,292.158064516129,8.87096774193548
"270",35.0967741935484,34.041935483871,22.8870967741935,50.0193548387097,1007.76129032258,1.15351612903226,282.738709677419,8.83870967741935
"271",31.19,34.0633333333333,20.2433333333333,43.1233333333333,1010.51666666667,0.525733333333333,239.5,8.06666666666667
"272",26.1925925925926,26.3333333333333,17.8481481481481,27.2,1010.5037037037,0.0101481481481481,219.52962962963,7.81481481481481
"273",11.6774193548387,37.9,17.8387096774194,35.1129032258064,1018.70967741935,1.17683870967742,152.683870967742,6
"274",13.6357142857143,39.6785714285714,17.55,36.6678571428571,1015.92857142857,0.304928571428571,199.542857142857,7.28571428571429
"275",20.6870967741935,28.3032258064516,17.7612903225806,41.3870967741936,1012.97419354839,0.690096774193548,240.187096774194,8.19354838709677
"276",24.2466666666667,18.0933333333333,23.2433333333333,29.8666666666667,1008.88,0.0548,315.543333333333,9.8
"277",29.0967741935484,15.9193548387097,25.0161290322581,31.8290322580645,1008.70322580645,0,347.235483870968,9.96774193548387
"278",35.2533333333333,12.3,23.3233333333333,23.9333333333333,1005.81666666667,0,356.786666666667,9.93333333333333
"279",35.0129032258065,34.4064516129032,25.9387096774194,60.9032258064516,1007.97741935484,1.42861290322581,284.638709677419,8.74193548387097
"280",34.3741935483871,30.5806451612903,24.7612903225806,58.9806451612903,1008.91935483871,0.348903225806452,260.170967741935,8.25806451612903
"281",31.35,30.1033333333333,21.48,31.72,1006.78666666667,0.799,262.733333333333,8.6
"282",23.4483870967742,23.1709677419355,18.6870967741935,16.6290322580645,1011.25483870968,0.0042258064516129,225.703225806452,7.87096774193548
"283",18.87,40.38,17.9366666666667,37.9966666666667,1014.40333333333,2.0385,157.773333333333,6.13333333333333
"284",13.0225806451613,41.6806451612903,16.1709677419355,35.1161290322581,1017.61612903226,0.336935483870968,141.422580645161,5.67741935483871
"285",14.9451612903226,31.2967741935484,14.4129032258065,34.7935483870968,1017.81290322581,0,154.903225806452,6.06451612903226
"286",17.7321428571429,29.8392857142857,15.6392857142857,52.7821428571429,1013.59642857143,0.00025,187.710714285714,7.14285714285714
"287",20.558064516129,28.2806451612903,20.9483870967742,40.8225806451613,1012.56129032258,0.835967741935484,249.858064516129,8.51612903225806
"288",24.06,17.05,23.7866666666667,33.0666666666667,1010.15,0.00143333333333333,309.24,9.83333333333333
"289",28.6677419354839,14.0645161290323,25.6451612903226,34.0161290322581,1008.97419354839,0,345.932258064516,9.96774193548387
"290",34.4066666666667,12.4033333333333,23.96,23.4266666666667,1005.18333333333,0,361.513333333333,10
"291",35.5064516129032,27.7967741935484,26.0290322580645,56.958064516129,1009.24193548387,0.0903870967741936,292.370967741935,8.87096774193548
"292",32.9161290322581,36.5129032258065,23.0677419354839,44.4096774193548,1009.48387096774,1.08461290322581,287.851612903226,8.93548387096774
"293",31.3466666666667,40.26,20.5966666666667,36.7966666666667,1007.75666666667,4.23796666666667,260.286666666667,8.73333333333333
"294",26.2032258064516,36.6548387096774,16.3193548387097,32.2516129032258,1010.83870967742,0.111741935483871,211.451612903226,7.61290322580645
"295",18.55,30.3033333333333,18.6033333333333,24.88,1015.41333333333,0,170.573333333333,6.5
"296",13.8741935483871,55.4483870967742,15.3677419354839,55.1645161290323,1016.53225806452,0.775677419354839,119.603225806452,5
"297",25.556,43.044,18.464,46.756,1011.024,0.50096,186.896,6.84
"298",16.33,38.4766666666667,18.49,25.37,1013.93333333333,0.252033333333333,169.54,6.36666666666667
"299",11.8161290322581,43.3322580645161,15.8741935483871,41.3741935483871,1015.47741935484,0.208387096774194,136.751612903226,5.61290322580645
"300",12.8483870967742,48.0322580645161,17.8677419354839,46.1741935483871,1017.23225806452,1.05390322580645,149.129032258065,5.96774193548387
"301",18.6448275862069,24.7551724137931,19.0379310344828,23.0793103448276,1016.44482758621,0.103241379310345,208.924137931034,7.51724137931035
"302",20.8,22.0387096774194,20.7193548387097,43.1645161290323,1011.32903225806,0.00306451612903226,263.606451612903,8.80645161290323
"303",23.2066666666667,24.9233333333333,24.1333333333333,44.3466666666667,1010.46,0.4516,305.74,9.73333333333333
"304",26.7935483870968,22.2709677419355,24.5064516129032,27.9806451612903,1008.4,0.0483225806451613,347.154838709677,9.87096774193548
"305",35.1066666666667,17.97,23.3266666666667,34.5666666666667,1007.73666666667,0.0819333333333334,332.523333333333,9.53333333333333
"306",36.2838709677419,25.4548387096774,26.1548387096774,36.3935483870968,1008.34193548387,0.570096774193548,330.445161290323,9.64516129032258
"307",33.3967741935484,35.1612903225806,25.2612903225806,47.2516129032258,1008.61935483871,1.09693548387097,284.693548387097,9.09677419354839
"308",30.3333333333333,31.3233333333333,22.62,41.0933333333333,1009.89333333333,0.267333333333333,248.086666666667,8.33333333333333
"309",26.9967741935484,29.1967741935484,16.7096774193548,30.958064516129,1011.04516129032,0.314806451612903,210.803225806452,7.61290322580645
"310",19.39,39.04,19.4966666666667,36.96,1015.15,0.7897,162.31,6.3
"311",14.0032258064516,52.0709677419355,17.841935483871,59.258064516129,1016.31935483871,0.858193548387097,128.754838709677,5.41935483870968
"312",12.6516129032258,57.2870967741936,17.4193548387097,43.8903225806452,1016.83870967742,0.950064516129032,141.045161290323,5.74193548387097
"313",16.4,49.2928571428571,18.6285714285714,44.8642857142857,1014.58571428571,1.10789285714286,176.832142857143,6.75
"314",21.3870967741935,31.141935483871,21.2225806451613,34.6838709677419,1013.71290322581,0.0983548387096774,252.009677419355,8.54838709677419
"315",24.25,18.4366666666667,23.8033333333333,29.76,1009.49666666667,0,312.706666666667,9.83333333333333
"316",27.8677419354839,19.1354838709677,25.0741935483871,28.2064516129032,1007.43870967742,0.0186451612903226,345.145161290323,9.87096774193548
"317",35.0233333333333,14.0533333333333,23.17,23.9733333333333,1005.5,0,358.533333333333,9.96666666666667
"318",34.841935483871,34.8290322580645,26.5483870967742,41.2516129032258,1009.09677419355,0.725838709677419,277.948387096774,8.51612903225806
"319",34.5612903225806,29.4258064516129,22.3677419354839,32.3451612903226,1008.24516129032,1.10051612903226,299.087096774194,9.32258064516129
"320",30.8266666666667,26.2,21.4533333333333,26.0533333333333,1007.56,0,264.533333333333,8.7
"321",26.7806451612903,21.6483870967742,18.8774193548387,16.341935483871,1009.87741935484,0,222.338709677419,7.93548387096774
"322",21.3066666666667,33.7566666666667,13.6333333333333,41.6733333333333,1014.06666666667,0,151.366666666667,5.96666666666667
"323",14.6903225806452,32.6838709677419,16.941935483871,34.3774193548387,1017.98709677419,0.170903225806452,132.058064516129,5.35483870967742
"324",15.9096774193548,33.4548387096774,18.1161290322581,48.1129032258065,1017.86129032258,0.188354838709677,137.951612903226,5.58064516129032
"325",15.2107142857143,37.9535714285714,19.2107142857143,46.2321428571429,1015.51071428571,0.489892857142857,160.853571428571,6.35714285714286
"326",19.2903225806452,27.4451612903226,20.2225806451613,51.9774193548387,1013.36129032258,0.0354193548387097,223.648387096774,8.03225806451613
"327",25.4566666666667,15.75,23.4233333333333,44.3466666666667,1009.86333333333,0,281.703333333333,9.23333333333333
"328",28.8645161290323,16.2258064516129,23.158064516129,25.858064516129,1007.7935483871,0.00309677419354839,324.229032258065,9.93548387096774
"329",33.9266666666667,15.8833333333333,22.1033333333333,24.7833333333333,1006.12333333333,0.0092,329.246666666667,9.66666666666667
"330",35.5387096774194,32.4741935483871,26.4064516129032,58.741935483871,1009.55806451613,0.71458064516129,300.509677419355,9.41935483870968
"331",34.4193548387097,36.0870967741935,26.3193548387097,48.958064516129,1008.76451612903,1.13767741935484,283.864516129032,8.93548387096774
"332",33.1666666666667,29.6166666666667,19.8333333333333,29.1166666666667,1007.34,0.276533333333333,245.216666666667,8.23333333333333
"333",23.0129032258065,52.3354838709677,20.4806451612903,50.5741935483871,1010.5935483871,4.2778064516129,176.561290322581,6.74193548387097
"334",17.2366666666667,34.98,16.1733333333333,37.1466666666667,1015.21,0.267933333333333,127.366666666667,5
"335",12.7967741935484,50.558064516129,16.5903225806452,49.1354838709677,1016.62258064516,0.175483870967742,109.303225806452,4.7741935483871
"336",12.9774193548387,53.9645161290323,14.7935483870968,38.8322580645161,1017.74193548387,0.601935483870968,126.777419354839,5.41935483870968
"337",12.0428571428571,54.3892857142857,20.3678571428571,47.15,1014.6,1.59796428571429,149.378571428571,6.07142857142857
"338",18.6129032258065,38.5354838709677,19.7677419354839,40.3354838709677,1013.25806451613,0.303483870967742,222.203225806452,8.2258064516129
"339",24.13,25.0466666666667,25.44,35.6033333333333,1009.61666666667,0.0806666666666667,279.483333333333,9.4
"340",24.6387096774194,27.0645161290323,24.7387096774194,36.4322580645161,1007.44193548387,0.099483870967742,307.567741935484,9.61290322580645
"341",33.0733333333333,15.37,23.89,24.5233333333333,1007.2,0,333.16,9.83333333333333
"342",36.0645161290323,22.6483870967742,26.2032258064516,35.3870967741936,1008.21290322581,0.145677419354839,308.609677419355,9.48387096774194
"343",35.9064516129032,28.2516129032258,23.6354838709677,33.1806451612903,1007.76129032258,0.221225806451613,283.358064516129,8.80645161290323
"344",31.3033333333333,36.7766666666667,23.6266666666667,34.5333333333333,1008.27333333333,0.2477,238.493333333333,8.26666666666667
"345",24.2193548387097,21.8935483870968,19.3903225806452,14.7645161290323,1010.56451612903,0,211.361290322581,7.41935483870968
"346",18.7233333333333,39.92,18.8233333333333,37.3933333333333,1012.97,1.4388,139.496666666667,5.56666666666667
"347",12.941935483871,54.7548387096774,18.3032258064516,47.9193548387097,1016.8,0.687612903225806,114.487096774194,4.80645161290323
"348",13.3612903225806,47.8709677419355,15.4935483870968,33.141935483871,1017.50967741935,0.134967741935484,131.993548387097,5.38709677419355
"349",14.7689655172414,39.7896551724138,18.6206896551724,31.3448275862069,1016.00344827586,1.21475862068966,189.793103448276,6.68965517241379
"350",17.7806451612903,46.8193548387097,21.1645161290323,44.8290322580645,1013.93225806452,1.61564516129032,209.803225806452,7.7741935483871
"351",23.5433333333333,26.8366666666667,22.3233333333333,25.52,1010.55,0.0702,289.26,9.46666666666667
"352",30.4903225806452,16.7193548387097,22.9322580645161,22.8451612903226,1007.68064516129,0.000483870967741935,328.045161290323,9.90322580645161
"353",33.5466666666667,14,23.7566666666667,26.7166666666667,1006.67,0,338.386666666667,9.96666666666667
"354",37.1774193548387,21.1258064516129,23.2967741935484,28.9677419354839,1006.61290322581,0.0893870967741936,311.712903225806,9.25806451612903
"355",37.2,24.5645161290323,25.4645161290323,35.2258064516129,1006.42903225806,0.424870967741935,280.303225806452,8.83870967741935
"356",33.0233333333333,21.3933333333333,18.7,23.22,1008.94,0,240.536666666667,8.06666666666667
"357",26.7903225806452,20.6612903225806,16.7838709677419,27.5870967741935,1010.31935483871,0,197.845161290323,7.25806451612903
"358",19.4833333333333,27.6833333333333,16.26,33.2133333333333,1014.36666666667,0.00286666666666667,144.916666666667,5.83333333333333
"359",12.9645161290323,33.2225806451613,17.7064516129032,31.9806451612903,1017.98064516129,0.384193548387097,123.558064516129,5.35483870967742
"360",13.1354838709677,38.7290322580645,18.658064516129,46.558064516129,1016.7064516129,0.607903225806452,127.835483870968,5.54838709677419
"361",15.8321428571429,27.0464285714286,22.4,31.4607142857143,1013.71785714286,0.000535714285714286,186.067857142857,7.03571428571429
"362",17.758064516129,28.8677419354839,24.2193548387097,37.7903225806452,1013.77096774194,0.29941935483871,225.9,8.12903225806452
"363",25.12,17.6433333333333,25.0266666666667,36.1033333333333,1008.46,0.0089,291.103333333333,9.66666666666667
"364",28.7322580645161,13.7806451612903,24.6516129032258,20.1645161290323,1007.89032258065,0,328.796774193548,9.93548387096774
"365",35.49,15.7633333333333,26.8933333333333,38.9766666666667,1005.81333333333,0.132733333333333,318.783333333333,9.66666666666667
"366",33.9870967741935,40.8225806451613,27.3741935483871,63.1935483870968,1009.24516129032,1.59441935483871,269.909677419355,9
"367",33.558064516129,39.7548387096774,22.7354838709677,43.6129032258064,1007.80967741935,1.45570967741935,270.935483870968,9.03225806451613
"368",31.5466666666667,36.48,20.0033333333333,38.4766666666667,1009.19,0.466466666666667,228.89,8.36666666666667
"369",23.7193548387097,30.3096774193548,19.7258064516129,31.6645161290323,1011.54193548387,0.242161290322581,199.28064516129,7.54838709677419
"370",20.8866666666667,27,15.26,32.54,1015.78333333333,0,150.11,6.1
"371",14.6677419354839,49.9322580645161,17.4838709677419,51.8225806451613,1014.74193548387,1.33687096774194,112.841935483871,4.7741935483871
"372",13.9806451612903,39.0903225806452,18.6838709677419,38.1645161290323,1018.27419354839,0.11158064516129,142.735483870968,5.80645161290323
"373",15,27.325,21.8285714285714,27.3964285714286,1016.87857142857,0.266035714285714,183.95,6.92857142857143
"374",19.3322580645161,22.958064516129,24.1774193548387,34.3806451612903,1012.92903225806,0.0998387096774193,234.016129032258,8.06451612903226
"375",24.87,15.7633333333333,26.25,23.16,1009.05666666667,0,298.976666666667,9.46666666666667
"376",29.258064516129,13.6032258064516,26.1516129032258,18.8774193548387,1006.7,0,337.596774193548,9.93548387096774
"377",34.6666666666667,20.1466666666667,27.56,35.8366666666667,1006.65666666667,0.220166666666667,323.023333333333,9.83333333333333
"378",35.8193548387097,29.5774193548387,29.6290322580645,57.9548387096774,1008.38387096774,0.243225806451613,293.351612903226,9.12903225806452
"379",33.6322580645161,40.8,27.7387096774194,53.0612903225806,1008.86451612903,0.842870967741935,264.761290322581,8.90322580645161
"380",32.5433333333333,34.77,23.8366666666667,44.41,1008.55,0.6642,237.443333333333,8.16666666666667
"381",24.8838709677419,33.7677419354839,20.9645161290323,31.6870967741935,1011.92580645161,0.641870967741936,197.412903225806,7.19354838709677
"382",15.3966666666667,34.3666666666667,17.9733333333333,34.0566666666667,1015.63,0.0574666666666667,149.716666666667,5.73333333333333
"383",12.5225806451613,58.3129032258065,14.0225806451613,53.5161290322581,1017.04193548387,1.6101935483871,107.209677419355,4.38709677419355
"384",11.741935483871,53.241935483871,17.5387096774194,52.658064516129,1016.70322580645,0.800129032258064,124.725806451613,5.29032258064516
"385",13.6321428571429,37.8,23.775,43.8964285714286,1015.93571428571,0.293607142857143,172.485714285714,6.75
"386",16.3,42.7096774193548,22.6645161290323,58.1612903225806,1013.53225806452,0.946064516129032,206.506451612903,7.38709677419355
"387",23.5933333333333,19.3533333333333,21.9933333333333,28.5166666666667,1009.84666666667,0,298.456666666667,9.36666666666667
"388",28.3870967741935,20.6032258064516,25.9838709677419,27.6935483870968,1008.20322580645,0.0114516129032258,325.706451612903,9.70967741935484
"389",31.9733333333333,13.0666666666667,22.69,21.7533333333333,1006.96666666667,0,343.716666666667,10
"390",39.256,17.8,26.408,33.248,1006.708,0,322.408,9.6
